FEATURENAME,min,max,mean,median,std,first_quartile,third_quartile,no_distinct,percent_missing
age,17.0,90.0,38.5607627666,37.0,13.63918265,28.0,48.0,72,0.0
fnlwgt,12285.0,1484705.0,189786.401422,178384.0,105404.690972,117849.0,237318.0,20880,0.0
education-num,1.0,16.0,10.0812540401,10.0,2.56992530523,9.0,12.0,16,0.0
capital-gain,114.0,99999.0,13090.0641377,7298.0,22655.1123203,3411.0,14084.0,118,91.73561732385262
capital-loss,155.0,4356.0,1873.05944056,1887.0,380.916080132,1672.0,1977.0,90,95.3781512605042
hours-per-week,1.0,99.0,40.4089204913,40.0,12.3367456046,40.0,45.0,93,0.0
